{
    "20240817202826-average_length": 292.1666666666667,
    "20240817203132-average_length": 353.5,
    "20240817203706-average_length": 214.25,
    "20240817203721-average_length": 214.25,
    "20240817204026-average_length": 346.8333333333333,
    "20240817204332-average_length": 360.0,
    "20240817204637-average_length": 338.8333333333333,
    "20240817204942-average_length": 281.57142857142856,
    "20240817205247-average_length": 444.4,
    "20240817205552-average_length": 254.55555555555554,
    "20240817205857-average_length": 283.7142857142857,
    "20240817210203-average_length": 311.2857142857143,
    "20240817210514-average_length": 331.6666666666667,
    "20240817210826-average_length": 326.7142857142857,
    "20240817211137-average_length": 310.14285714285717,
    "20240817211442-average_length": 474.5,
    "20240817211749-average_length": 504.0,
    "20240817212812-average_length": 256.25,
    "20240817212929-average_length": 250,
    "20240817213234-average_length": 303.2857142857143,
    "20240817213537-average_length": 383.8,
    "20240817213843-average_length": 357.5,
    "20240817214146-average_length": 455.2,
    "20240817214451-average_length": 554.0,
    "20240817214757-average_length": 617.0,
    "20240817215101-average_length": 683.6666666666666,
    "20240817215406-average_length": 720.0,
    "20240817215711-average_length": 720.6666666666666,
    "20240817220018-average_length": 796.3333333333334,
    "20240817220322-average_length": 950.5,
    "20240817220628-average_length": 2170.0,
    "20240817220933-average_length": 998.0,
    "20240817221240-average_length": 883.3333333333334,
    "20240817221544-average_length": 730.6666666666666,
    "20240817221849-average_length": 988.5,
    "20240817222201-average_length": 660.0,
    "20240817222511-average_length": 977.6666666666666,
    "20240817222823-average_length": 873.0,
    "20240817223135-average_length": 810.6666666666666,
    "20240817223448-average_length": 831.0,
    "20240817223759-average_length": 1816.0,
    "20240817224110-average_length": 980.0,
    "20240817224420-average_length": 1281.0,
    "20240817224731-average_length": 819.0,
    "20240817225042-average_length": 873.5,
    "20240817225354-average_length": 788.5,
    "20240817225705-average_length": 1262.0,
    "20240817230017-average_length": 1972.0,
    "20240817230328-average_length": 1505.0,
    "20240817230638-average_length": 710.0,
    "20240817230950-average_length": 969.0,
    "20240817231301-average_length": 628.75,
    "20240817231612-average_length": 778.0,
    "20240817231923-average_length": 824.6666666666666,
    "20240817232234-average_length": 1128.5,
    "20240817232545-average_length": 746.6666666666666,
    "20240817232856-average_length": 1045.5,
    "20240817233207-average_length": 1778.5,
    "20240817233519-average_length": 868.6666666666666,
    "20240817233829-average_length": 1032.5,
    "20240817234139-average_length": 1064.0,
    "20240817234451-average_length": 700.3333333333334,
    "20240817234802-average_length": 912.3333333333334,
    "20240817235113-average_length": 822.0,
    "20240817235424-average_length": 1017.5,
    "20240817235735-average_length": 914.0,
    "20240818000041-average_length": 862.5,
    "20240818000346-average_length": 675.0,
    "20240818000650-average_length": 1371.5,
    "20240818000957-average_length": 1994.0,
    "20240818001308-average_length": 557.75,
    "20240818001619-average_length": 654.6666666666666,
    "20240818001930-average_length": 587.5,
    "20240818002242-average_length": 555.75,
    "20240818002552-average_length": 402.8,
    "20240818002902-average_length": 516.6666666666666,
    "20240818003213-average_length": 473.0,
    "20240818003524-average_length": 868.0,
    "20240818003835-average_length": 497.8,
    "20240818004146-average_length": 406.0,
    "20240818004457-average_length": 529.5,
    "20240818004809-average_length": 766.0,
    "20240818005119-average_length": 517.0,
    "20240818005431-average_length": 484.4,
    "20240818005743-average_length": 582.75,
    "20240818010055-average_length": 629.3333333333334,
    "20240818010406-average_length": 645.6666666666666,
    "20240818010717-average_length": 511.0,
    "20240818011028-average_length": 584.5,
    "20240818011338-average_length": 659.0,
    "20240818011650-average_length": 958.5,
    "20240818012000-average_length": 669.0,
    "20240818012311-average_length": 572.0,
    "20240818012623-average_length": 596.25,
    "20240818012933-average_length": 744.5,
    "20240818013244-average_length": 987.5,
    "20240818013554-average_length": 1124.0,
    "20240818013905-average_length": 950.6666666666666,
    "20240818014217-average_length": 1013.0,
    "20240818014529-average_length": 745.0,
    "20240818014840-average_length": 1143.0,
    "20240818015151-average_length": 1091.75,
    "20240818015502-average_length": 2029.0,
    "20240818015813-average_length": 627.6666666666666,
    "20240818020125-average_length": 843.0,
    "20240818020435-average_length": 893.5,
    "20240818020746-average_length": 768.0,
    "20240818021057-average_length": 1708.0,
    "20240818021408-average_length": 2380.0,
    "20240818021720-average_length": 1246.5,
    "20240818022032-average_length": 1399.5,
    "20240818022342-average_length": 1071.6666666666667,
    "20240818022653-average_length": 1007.5,
    "20240818023004-average_length": 1952.0,
    "20240818023316-average_length": 1404.5,
    "20240818023627-average_length": 816.0,
    "20240818023937-average_length": 991.0,
    "20240818024249-average_length": 1192.0,
    "20240818024600-average_length": 1348.0,
    "20240818024911-average_length": 1855.0,
    "20240818025224-average_length": 898.0,
    "20240818025534-average_length": 1438.0,
    "20240818025845-average_length": 1309.0,
    "20240818030157-average_length": 755.6666666666666,
    "20240818030508-average_length": 1204.5,
    "20240818030819-average_length": 1490.0,
    "20240818031130-average_length": 1231.0,
    "20240818031441-average_length": 1747.0,
    "20240818031752-average_length": 1958.0,
    "20240818032104-average_length": 1254.0,
    "20240818032415-average_length": 1047.0,
    "20240818032726-average_length": 1163.0,
    "20240818033037-average_length": 849.3333333333334,
    "20240818033349-average_length": 1111.0,
    "20240818033701-average_length": 737.3333333333334,
    "20240818034011-average_length": 1917.0,
    "20240818034322-average_length": 1042.5,
    "20240818034634-average_length": 847.0,
    "20240818034945-average_length": 1752.0,
    "20240818035256-average_length": 2621.0,
    "20240818035607-average_length": 1144.5,
    "20240818035918-average_length": 1415.0,
    "20240818040229-average_length": 1363.6666666666667,
    "20240818040541-average_length": 1933.0,
    "20240818040852-average_length": 871.0,
    "20240818041204-average_length": 1710.5,
    "20240818041515-average_length": 1074.0,
    "20240818041825-average_length": 1147.5,
    "20240818042137-average_length": 1166.0,
    "20240818042448-average_length": 1066.0,
    "20240818042759-average_length": 843.0,
    "20240818043109-average_length": 1246.0,
    "20240818043421-average_length": 1086.0,
    "20240818043732-average_length": 1513.0,
    "20240818044043-average_length": 1147.6666666666667,
    "20240818044355-average_length": 1235.5,
    "20240818044706-average_length": 1344.0,
    "20240818045017-average_length": 943.6666666666666,
    "20240818045328-average_length": 1502.0,
    "20240818045639-average_length": 782.0,
    "20240818045950-average_length": 1217.0,
    "20240818050301-average_length": 1196.5,
    "20240818050613-average_length": 1104.5,
    "20240818050924-average_length": 2109.5,
    "20240818051236-average_length": 919.0,
    "20240818051548-average_length": 1381.0,
    "20240818051859-average_length": 1309.0,
    "20240818052210-average_length": 2241.0,
    "20240818052521-average_length": 1287.5,
    "20240818052832-average_length": 926.0,